latitude,longitude,number,Mean_WPD_kW_per_m
10.0,-5.0,0,
10.0,-4.5,0,
10.0,-4.0,0,
10.0,-3.5,0,
10.0,-3.0,0,
10.0,-2.5,0,
10.0,-2.0,0,
10.0,-1.5,0,
10.0,-1.0,0,
10.0,-0.5,0,
10.0,0.0,0,
10.0,0.5,0,
10.0,1.0,0,
10.0,1.5,0,
10.0,2.0,0,
10.0,2.5,0,
10.0,3.0,0,
10.0,3.5,0,
10.0,4.0,0,
10.0,4.5,0,
10.0,5.0,0,
10.0,5.5,0,
10.0,6.0,0,
10.0,6.5,0,
10.0,7.0,0,
10.0,7.5,0,
10.0,8.0,0,
10.0,8.5,0,
10.0,9.0,0,
10.0,9.5,0,
10.0,10.0,0,
9.5,-5.0,0,
9.5,-4.5,0,
9.5,-4.0,0,
9.5,-3.5,0,
9.5,-3.0,0,
9.5,-2.5,0,
9.5,-2.0,0,
9.5,-1.5,0,
9.5,-1.0,0,
9.5,-0.5,0,
9.5,0.0,0,
9.5,0.5,0,
9.5,1.0,0,
9.5,1.5,0,
9.5,2.0,0,
9.5,2.5,0,
9.5,3.0,0,
9.5,3.5,0,
9.5,4.0,0,
9.5,4.5,0,
9.5,5.0,0,
9.5,5.5,0,
9.5,6.0,0,
9.5,6.5,0,
9.5,7.0,0,
9.5,7.5,0,
9.5,8.0,0,
9.5,8.5,0,
9.5,9.0,0,
9.5,9.5,0,
9.5,10.0,0,
9.0,-5.0,0,
9.0,-4.5,0,
9.0,-4.0,0,
9.0,-3.5,0,
9.0,-3.0,0,
9.0,-2.5,0,
9.0,-2.0,0,
9.0,-1.5,0,
9.0,-1.0,0,
9.0,-0.5,0,
9.0,0.0,0,
9.0,0.5,0,
9.0,1.0,0,
9.0,1.5,0,
9.0,2.0,0,
9.0,2.5,0,
9.0,3.0,0,
9.0,3.5,0,
9.0,4.0,0,
9.0,4.5,0,
9.0,5.0,0,
9.0,5.5,0,
9.0,6.0,0,
9.0,6.5,0,
9.0,7.0,0,
9.0,7.5,0,
9.0,8.0,0,
9.0,8.5,0,
9.0,9.0,0,
9.0,9.5,0,
9.0,10.0,0,
8.5,-5.0,0,
8.5,-4.5,0,
8.5,-4.0,0,
8.5,-3.5,0,
8.5,-3.0,0,
8.5,-2.5,0,
8.5,-2.0,0,
8.5,-1.5,0,
8.5,-1.0,0,
8.5,-0.5,0,
8.5,0.0,0,
8.5,0.5,0,
8.5,1.0,0,
8.5,1.5,0,
8.5,2.0,0,
8.5,2.5,0,
8.5,3.0,0,
8.5,3.5,0,
8.5,4.0,0,
8.5,4.5,0,
8.5,5.0,0,
8.5,5.5,0,
8.5,6.0,0,
8.5,6.5,0,
8.5,7.0,0,
8.5,7.5,0,
8.5,8.0,0,
8.5,8.5,0,
8.5,9.0,0,
8.5,9.5,0,
8.5,10.0,0,
8.0,-5.0,0,
8.0,-4.5,0,
8.0,-4.0,0,
8.0,-3.5,0,
8.0,-3.0,0,
8.0,-2.5,0,
8.0,-2.0,0,
8.0,-1.5,0,
8.0,-1.0,0,
8.0,-0.5,0,
8.0,0.0,0,
8.0,0.5,0,
8.0,1.0,0,
8.0,1.5,0,
8.0,2.0,0,
8.0,2.5,0,
8.0,3.0,0,
8.0,3.5,0,
8.0,4.0,0,
8.0,4.5,0,
8.0,5.0,0,
8.0,5.5,0,
8.0,6.0,0,
8.0,6.5,0,
8.0,7.0,0,
8.0,7.5,0,
8.0,8.0,0,
8.0,8.5,0,
8.0,9.0,0,
8.0,9.5,0,
8.0,10.0,0,
7.5,-5.0,0,
7.5,-4.5,0,
7.5,-4.0,0,
7.5,-3.5,0,
7.5,-3.0,0,
7.5,-2.5,0,
7.5,-2.0,0,
7.5,-1.5,0,
7.5,-1.0,0,
7.5,-0.5,0,
7.5,0.0,0,
7.5,0.5,0,
7.5,1.0,0,
7.5,1.5,0,
7.5,2.0,0,
7.5,2.5,0,
7.5,3.0,0,
7.5,3.5,0,
7.5,4.0,0,
7.5,4.5,0,
7.5,5.0,0,
7.5,5.5,0,
7.5,6.0,0,
7.5,6.5,0,
7.5,7.0,0,
7.5,7.5,0,
7.5,8.0,0,
7.5,8.5,0,
7.5,9.0,0,
7.5,9.5,0,
7.5,10.0,0,
7.0,-5.0,0,
7.0,-4.5,0,
7.0,-4.0,0,
7.0,-3.5,0,
7.0,-3.0,0,
7.0,-2.5,0,
7.0,-2.0,0,
7.0,-1.5,0,
7.0,-1.0,0,
7.0,-0.5,0,
7.0,0.0,0,
7.0,0.5,0,
7.0,1.0,0,
7.0,1.5,0,
7.0,2.0,0,
7.0,2.5,0,
7.0,3.0,0,
7.0,3.5,0,
7.0,4.0,0,
7.0,4.5,0,
7.0,5.0,0,
7.0,5.5,0,
7.0,6.0,0,
7.0,6.5,0,
7.0,7.0,0,
7.0,7.5,0,
7.0,8.0,0,
7.0,8.5,0,
7.0,9.0,0,
7.0,9.5,0,
7.0,10.0,0,
6.5,-5.0,0,
6.5,-4.5,0,
6.5,-4.0,0,
6.5,-3.5,0,
6.5,-3.0,0,
6.5,-2.5,0,
6.5,-2.0,0,
6.5,-1.5,0,
6.5,-1.0,0,
6.5,-0.5,0,
6.5,0.0,0,
6.5,0.5,0,
6.5,1.0,0,
6.5,1.5,0,
6.5,2.0,0,
6.5,2.5,0,
6.5,3.0,0,
6.5,3.5,0,1.3876
6.5,4.0,0,
6.5,4.5,0,
6.5,5.0,0,
6.5,5.5,0,
6.5,6.0,0,
6.5,6.5,0,
6.5,7.0,0,
6.5,7.5,0,
6.5,8.0,0,
6.5,8.5,0,
6.5,9.0,0,
6.5,9.5,0,
6.5,10.0,0,
6.0,-5.0,0,
6.0,-4.5,0,
6.0,-4.0,0,
6.0,-3.5,0,
6.0,-3.0,0,
6.0,-2.5,0,
6.0,-2.0,0,
6.0,-1.5,0,
6.0,-1.0,0,
6.0,-0.5,0,
6.0,0.0,0,
6.0,0.5,0,
6.0,1.0,0,
6.0,1.5,0,6.0933
6.0,2.0,0,6.9908
6.0,2.5,0,7.8087
6.0,3.0,0,8.0725
6.0,3.5,0,8.3299
6.0,4.0,0,8.3061
6.0,4.5,0,7.4677
6.0,5.0,0,
6.0,5.5,0,
6.0,6.0,0,
6.0,6.5,0,
6.0,7.0,0,
6.0,7.5,0,
6.0,8.0,0,
6.0,8.5,0,
6.0,9.0,0,
6.0,9.5,0,
6.0,10.0,0,
5.5,-5.0,0,
5.5,-4.5,0,
5.5,-4.0,0,
5.5,-3.5,0,
5.5,-3.0,0,
5.5,-2.5,0,
5.5,-2.0,0,
5.5,-1.5,0,
5.5,-1.0,0,
5.5,-0.5,0,
5.5,0.0,0,7.3219
5.5,0.5,0,7.0892
5.5,1.0,0,7.7589
5.5,1.5,0,8.5905
5.5,2.0,0,8.7376
5.5,2.5,0,8.8413
5.5,3.0,0,8.8971
5.5,3.5,0,8.8812
5.5,4.0,0,8.8611
5.5,4.5,0,8.4733
5.5,5.0,0,7.0808
5.5,5.5,0,2.1397
5.5,6.0,0,
5.5,6.5,0,
5.5,7.0,0,
5.5,7.5,0,
5.5,8.0,0,
5.5,8.5,0,
5.5,9.0,0,
5.5,9.5,0,
5.5,10.0,0,
5.0,-5.0,0,7.2734
5.0,-4.5,0,7.7367
5.0,-4.0,0,8.0775
5.0,-3.5,0,7.9248
5.0,-3.0,0,5.5209
5.0,-2.5,0,
5.0,-2.0,0,
5.0,-1.5,0,3.9884
5.0,-1.0,0,4.897
5.0,-0.5,0,7.6078
5.0,0.0,0,8.5666
5.0,0.5,0,8.8522
5.0,1.0,0,8.9725
5.0,1.5,0,9.0222
5.0,2.0,0,9.047
5.0,2.5,0,9.0609
5.0,3.0,0,9.0636
5.0,3.5,0,9.0541
5.0,4.0,0,9.0209
5.0,4.5,0,8.8685
5.0,5.0,0,7.9625
5.0,5.5,0,4.2945
5.0,6.0,0,
5.0,6.5,0,
5.0,7.0,0,
5.0,7.5,0,
5.0,8.0,0,
5.0,8.5,0,
5.0,9.0,0,
5.0,9.5,0,
5.0,10.0,0,
4.5,-5.0,0,8.7249
4.5,-4.5,0,8.7937
4.5,-4.0,0,8.8338
4.5,-3.5,0,8.8547
4.5,-3.0,0,8.5653
4.5,-2.5,0,8.6367
4.5,-2.0,0,8.1968
4.5,-1.5,0,7.7345
4.5,-1.0,0,8.1999
4.5,-0.5,0,8.6745
4.5,0.0,0,9.0329
4.5,0.5,0,9.1042
4.5,1.0,0,9.1282
4.5,1.5,0,9.1461
4.5,2.0,0,9.1573
4.5,2.5,0,9.1656
4.5,3.0,0,9.1674
4.5,3.5,0,9.1629
4.5,4.0,0,9.1385
4.5,4.5,0,9.0673
4.5,5.0,0,8.6188
4.5,5.5,0,7.1273
4.5,6.0,0,1.4247
4.5,6.5,0,
4.5,7.0,0,2.9002
4.5,7.5,0,2.0687
4.5,8.0,0,
4.5,8.5,0,0.7331
4.5,9.0,0,
4.5,9.5,0,
4.5,10.0,0,
4.0,-5.0,0,9.0335
4.0,-4.5,0,9.0434
4.0,-4.0,0,9.0534
4.0,-3.5,0,9.0741
4.0,-3.0,0,9.11
4.0,-2.5,0,9.1454
4.0,-2.0,0,9.103
4.0,-1.5,0,9.0833
4.0,-1.0,0,9.1105
4.0,-0.5,0,9.2255
4.0,0.0,0,9.2472
4.0,0.5,0,9.2569
4.0,1.0,0,9.2658
4.0,1.5,0,9.2731
4.0,2.0,0,9.2779
4.0,2.5,0,9.2823
4.0,3.0,0,9.2815
4.0,3.5,0,9.2759
4.0,4.0,0,9.2559
4.0,4.5,0,9.1952
4.0,5.0,0,9.0764
4.0,5.5,0,7.8799
4.0,6.0,0,6.1077
4.0,6.5,0,6.6904
4.0,7.0,0,6.0141
4.0,7.5,0,5.4505
4.0,8.0,0,5.2668
4.0,8.5,0,2.6959
4.0,9.0,0,1.6975
4.0,9.5,0,0.5101
4.0,10.0,0,
3.5,-5.0,0,9.1942
3.5,-4.5,0,9.1973
3.5,-4.0,0,9.2058
3.5,-3.5,0,9.2295
3.5,-3.0,0,9.2699
3.5,-2.5,0,9.3166
3.5,-2.0,0,9.3548
3.5,-1.5,0,9.3798
3.5,-1.0,0,9.3924
3.5,-0.5,0,9.3972
3.5,0.0,0,9.4004
3.5,0.5,0,9.4035
3.5,1.0,0,9.4084
3.5,1.5,0,9.4124
3.5,2.0,0,9.415
3.5,2.5,0,9.4156
3.5,3.0,0,9.4122
3.5,3.5,0,9.4024
3.5,4.0,0,9.3804
3.5,4.5,0,9.3232
3.5,5.0,0,9.2237
3.5,5.5,0,9.0247
3.5,6.0,0,8.4989
3.5,6.5,0,7.6396
3.5,7.0,0,6.8945
3.5,7.5,0,6.0094
3.5,8.0,0,6.1026
3.5,8.5,0,3.8919
3.5,9.0,0,2.6855
3.5,9.5,0,2.1138
3.5,10.0,0,
3.0,-5.0,0,9.347
3.0,-4.5,0,9.3434
3.0,-4.0,0,9.3481
3.0,-3.5,0,9.3738
3.0,-3.0,0,9.4189
3.0,-2.5,0,9.4685
3.0,-2.0,0,9.5055
3.0,-1.5,0,9.5284
3.0,-1.0,0,9.5394
3.0,-0.5,0,9.5423
3.0,0.0,0,9.5448
3.0,0.5,0,9.5454
3.0,1.0,0,9.55
3.0,1.5,0,9.5538
3.0,2.0,0,9.5553
3.0,2.5,0,9.5544
3.0,3.0,0,9.547
3.0,3.5,0,9.5326
3.0,4.0,0,9.5074
3.0,4.5,0,9.4484
3.0,5.0,0,9.3461
3.0,5.5,0,9.1552
3.0,6.0,0,8.726
3.0,6.5,0,7.7151
3.0,7.0,0,6.8489
3.0,7.5,0,5.6003
3.0,8.0,0,6.3173
3.0,8.5,0,6.1782
3.0,9.0,0,4.9854
3.0,9.5,0,3.5047
3.0,10.0,0,
2.5,-5.0,0,9.4978
2.5,-4.5,0,9.4853
2.5,-4.0,0,9.4868
2.5,-3.5,0,9.5143
2.5,-3.0,0,9.5614
2.5,-2.5,0,9.6118
2.5,-2.0,0,9.6466
2.5,-1.5,0,9.6665
2.5,-1.0,0,9.6745
2.5,-0.5,0,9.6772
2.5,0.0,0,9.6786
2.5,0.5,0,9.681
2.5,1.0,0,9.6852
2.5,1.5,0,9.6899
2.5,2.0,0,9.6915
2.5,2.5,0,9.6908
2.5,3.0,0,9.6808
2.5,3.5,0,9.6632
2.5,4.0,0,9.6323
2.5,4.5,0,9.5706
2.5,5.0,0,9.4663
2.5,5.5,0,9.2672
2.5,6.0,0,8.8181
2.5,6.5,0,7.5439
2.5,7.0,0,6.5699
2.5,7.5,0,4.9841
2.5,8.0,0,6.3959
2.5,8.5,0,6.495
2.5,9.0,0,5.4381
2.5,9.5,0,3.3118
2.5,10.0,0,
2.0,-5.0,0,9.6492
2.0,-4.5,0,9.628
2.0,-4.0,0,9.6257
2.0,-3.5,0,9.6521
2.0,-3.0,0,9.6987
2.0,-2.5,0,9.7478
2.0,-2.0,0,9.7796
2.0,-1.5,0,9.796
2.0,-1.0,0,9.7999
2.0,-0.5,0,9.8009
2.0,0.0,0,9.8004
2.0,0.5,0,9.8044
2.0,1.0,0,9.8102
2.0,1.5,0,9.8176
2.0,2.0,0,9.8205
2.0,2.5,0,9.8197
2.0,3.0,0,9.8079
2.0,3.5,0,9.7859
2.0,4.0,0,9.7505
2.0,4.5,0,9.688
2.0,5.0,0,9.5804
2.0,5.5,0,9.3654
2.0,6.0,0,8.9006
2.0,6.5,0,7.2568
2.0,7.0,0,6.0607
2.0,7.5,0,4.0055
2.0,8.0,0,6.7876
2.0,8.5,0,6.8413
2.0,9.0,0,5.3779
2.0,9.5,0,2.7472
2.0,10.0,0,
1.5,-5.0,0,9.8002
1.5,-4.5,0,9.7732
1.5,-4.0,0,9.7644
1.5,-3.5,0,9.7881
1.5,-3.0,0,9.8319
1.5,-2.5,0,9.8764
1.5,-2.0,0,9.9031
1.5,-1.5,0,9.9156
1.5,-1.0,0,9.9162
1.5,-0.5,0,9.9133
1.5,0.0,0,9.9133
1.5,0.5,0,9.919
1.5,1.0,0,9.928
1.5,1.5,0,9.9371
1.5,2.0,0,9.9403
1.5,2.5,0,9.9386
1.5,3.0,0,9.9238
1.5,3.5,0,9.8989
1.5,4.0,0,9.86
1.5,4.5,0,9.7974
1.5,5.0,0,9.691
1.5,5.5,0,9.4654
1.5,6.0,0,8.9899
1.5,6.5,0,6.7912
1.5,7.0,0,5.9583
1.5,7.5,0,6.7133
1.5,8.0,0,7.8274
1.5,8.5,0,7.3715
1.5,9.0,0,5.1226
1.5,9.5,0,2.7022
1.5,10.0,0,
1.0,-5.0,0,9.9521
1.0,-4.5,0,9.9194
1.0,-4.0,0,9.9077
1.0,-3.5,0,9.9271
1.0,-3.0,0,9.966
1.0,-2.5,0,10.0014
1.0,-2.0,0,10.0202
1.0,-1.5,0,10.0271
1.0,-1.0,0,10.0239
1.0,-0.5,0,10.0203
1.0,0.0,0,10.0219
1.0,0.5,0,10.0284
1.0,1.0,0,10.0387
1.0,1.5,0,10.0488
1.0,2.0,0,10.0526
1.0,2.5,0,10.05
1.0,3.0,0,10.0333
1.0,3.5,0,10.0048
1.0,4.0,0,9.9636
1.0,4.5,0,9.9004
1.0,5.0,0,9.7976
1.0,5.5,0,9.5442
1.0,6.0,0,9.0796
1.0,6.5,0,5.9897
1.0,7.0,0,5.8681
1.0,7.5,0,8.0329
1.0,8.0,0,8.6473
1.0,8.5,0,7.6873
1.0,9.0,0,4.5403
1.0,9.5,0,2.1639
1.0,10.0,0,
0.5,-5.0,0,10.1042
0.5,-4.5,0,10.0657
0.5,-4.0,0,10.0513
0.5,-3.5,0,10.0681
0.5,-3.0,0,10.0981
0.5,-2.5,0,10.1254
0.5,-2.0,0,10.1362
0.5,-1.5,0,10.1338
0.5,-1.0,0,10.1286
0.5,-0.5,0,10.125
0.5,0.0,0,10.1287
0.5,0.5,0,10.1358
0.5,1.0,0,10.1475
0.5,1.5,0,10.1572
0.5,2.0,0,10.1626
0.5,2.5,0,10.1583
0.5,3.0,0,10.1405
0.5,3.5,0,10.1078
0.5,4.0,0,10.0652
0.5,4.5,0,10.0018
0.5,5.0,0,9.9037
0.5,5.5,0,9.5896
0.5,6.0,0,9.1468
0.5,6.5,0,5.6207
0.5,7.0,0,5.9136
0.5,7.5,0,8.7574
0.5,8.0,0,9.2296
0.5,8.5,0,7.595
0.5,9.0,0,3.8875
0.5,9.5,0,1.406
0.5,10.0,0,
0.0,-5.0,0,10.2638
0.0,-4.5,0,10.22
0.0,-4.0,0,10.2004
0.0,-3.5,0,10.2124
0.0,-3.0,0,10.2375
0.0,-2.5,0,10.2553
0.0,-2.0,0,10.2562
0.0,-1.5,0,10.2482
0.0,-1.0,0,10.2398
0.0,-0.5,0,10.2358
0.0,0.0,0,10.2396
0.0,0.5,0,10.2475
0.0,1.0,0,10.2607
0.0,1.5,0,10.2716
0.0,2.0,0,10.2762
0.0,2.5,0,10.2698
0.0,3.0,0,10.2487
0.0,3.5,0,10.2148
0.0,4.0,0,10.1712
0.0,4.5,0,10.1111
0.0,5.0,0,10.0158
0.0,5.5,0,9.6401
0.0,6.0,0,9.2693
0.0,6.5,0,9.3278
0.0,7.0,0,8.8765
0.0,7.5,0,9.6692
0.0,8.0,0,9.7255
0.0,8.5,0,7.5704
0.0,9.0,0,2.7886
0.0,9.5,0,0.9908
0.0,10.0,0,
-0.5,-5.0,0,10.4547
-0.5,-4.5,0,10.402
-0.5,-4.0,0,10.3766
-0.5,-3.5,0,10.3823
-0.5,-3.0,0,10.401
-0.5,-2.5,0,10.4086
-0.5,-2.0,0,10.4004
-0.5,-1.5,0,10.3869
-0.5,-1.0,0,10.3734
-0.5,-0.5,0,10.3666
-0.5,0.0,0,10.368
-0.5,0.5,0,10.3771
-0.5,1.0,0,10.3891
-0.5,1.5,0,10.3985
-0.5,2.0,0,10.4007
-0.5,2.5,0,10.3907
-0.5,3.0,0,10.3667
-0.5,3.5,0,10.332
-0.5,4.0,0,10.2879
-0.5,4.5,0,10.2314
-0.5,5.0,0,10.142
-0.5,5.5,0,9.67
-0.5,6.0,0,9.2289
-0.5,6.5,0,9.7161
-0.5,7.0,0,9.9508
-0.5,7.5,0,10.0588
-0.5,8.0,0,10.0119
-0.5,8.5,0,7.2347
-0.5,9.0,0,1.0875
-0.5,9.5,0,0.4567
-0.5,10.0,0,
-1.0,-5.0,0,10.6754
-1.0,-4.5,0,10.6127
-1.0,-4.0,0,10.5821
-1.0,-3.5,0,10.5832
-1.0,-3.0,0,10.5892
-1.0,-2.5,0,10.589
-1.0,-2.0,0,10.5727
-1.0,-1.5,0,10.5496
-1.0,-1.0,0,10.5303
-1.0,-0.5,0,10.5204
-1.0,0.0,0,10.519
-1.0,0.5,0,10.5247
-1.0,1.0,0,10.5334
-1.0,1.5,0,10.5392
-1.0,2.0,0,10.5358
-1.0,2.5,0,10.5236
-1.0,3.0,0,10.4971
-1.0,3.5,0,10.4601
-1.0,4.0,0,10.4156
-1.0,4.5,0,10.362
-1.0,5.0,0,10.2877
-1.0,5.5,0,9.4886
-1.0,6.0,0,9.0156
-1.0,6.5,0,9.9842
-1.0,7.0,0,10.1741
-1.0,7.5,0,10.2493
-1.0,8.0,0,10.1932
-1.0,8.5,0,9.7422
-1.0,9.0,0,3.0486
-1.0,9.5,0,
-1.0,10.0,0,
-1.5,-5.0,0,10.9177
-1.5,-4.5,0,10.8487
-1.5,-4.0,0,10.8146
-1.5,-3.5,0,10.8093
-1.5,-3.0,0,10.8083
-1.5,-2.5,0,10.797
-1.5,-2.0,0,10.7704
-1.5,-1.5,0,10.7394
-1.5,-1.0,0,10.7136
-1.5,-0.5,0,10.6995
-1.5,0.0,0,10.694
-1.5,0.5,0,10.6947
-1.5,1.0,0,10.6985
-1.5,1.5,0,10.6981
-1.5,2.0,0,10.6894
-1.5,2.5,0,10.673
-1.5,3.0,0,10.6424
-1.5,3.5,0,10.6031
-1.5,4.0,0,10.5569
-1.5,4.5,0,10.5074
-1.5,5.0,0,10.4534
-1.5,5.5,0,10.2422
-1.5,6.0,0,10.0662
-1.5,6.5,0,10.3381
-1.5,7.0,0,10.3998
-1.5,7.5,0,10.4207
-1.5,8.0,0,10.3771
-1.5,8.5,0,10.1017
-1.5,9.0,0,7.6146
-1.5,9.5,0,
-1.5,10.0,0,
-2.0,-5.0,0,11.174
-2.0,-4.5,0,11.0995
-2.0,-4.0,0,11.0622
-2.0,-3.5,0,11.0521
-2.0,-3.0,0,11.0449
-2.0,-2.5,0,11.0217
-2.0,-2.0,0,10.9839
-2.0,-1.5,0,10.9468
-2.0,-1.0,0,10.9161
-2.0,-0.5,0,10.896
-2.0,0.0,0,10.8871
-2.0,0.5,0,10.8832
-2.0,1.0,0,10.8803
-2.0,1.5,0,10.875
-2.0,2.0,0,10.8618
-2.0,2.5,0,10.8398
-2.0,3.0,0,10.8053
-2.0,3.5,0,10.7635
-2.0,4.0,0,10.7149
-2.0,4.5,0,10.666
-2.0,5.0,0,10.6242
-2.0,5.5,0,10.5924
-2.0,6.0,0,10.5739
-2.0,6.5,0,10.5707
-2.0,7.0,0,10.5756
-2.0,7.5,0,10.5724
-2.0,8.0,0,10.5381
-2.0,8.5,0,10.3603
-2.0,9.0,0,8.5482
-2.0,9.5,0,3.8987
-2.0,10.0,0,
-2.5,-5.0,0,11.4382
-2.5,-4.5,0,11.3581
-2.5,-4.0,0,11.3177
-2.5,-3.5,0,11.3023
-2.5,-3.0,0,11.2849
-2.5,-2.5,0,11.2532
-2.5,-2.0,0,11.2079
-2.5,-1.5,0,11.1633
-2.5,-1.0,0,11.1283
-2.5,-0.5,0,11.1049
-2.5,0.0,0,11.0917
-2.5,0.5,0,11.0829
-2.5,1.0,0,11.0761
-2.5,1.5,0,11.0656
-2.5,2.0,0,11.0474
-2.5,2.5,0,11.0216
-2.5,3.0,0,10.9844
-2.5,3.5,0,10.9389
-2.5,4.0,0,10.8892
-2.5,4.5,0,10.84
-2.5,5.0,0,10.7975
-2.5,5.5,0,10.7642
-2.5,6.0,0,10.7449
-2.5,6.5,0,10.7388
-2.5,7.0,0,10.7391
-2.5,7.5,0,10.7351
-2.5,8.0,0,10.702
-2.5,8.5,0,10.5924
-2.5,9.0,0,9.9235
-2.5,9.5,0,8.0566
-2.5,10.0,0,
-3.0,-5.0,0,11.7074
-3.0,-4.5,0,11.6223
-3.0,-4.0,0,11.5769
-3.0,-3.5,0,11.5535
-3.0,-3.0,0,11.5276
-3.0,-2.5,0,11.4878
-3.0,-2.0,0,11.4367
-3.0,-1.5,0,11.3883
-3.0,-1.0,0,11.35
-3.0,-0.5,0,11.3243
-3.0,0.0,0,11.3082
-3.0,0.5,0,11.2968
-3.0,1.0,0,11.2865
-3.0,1.5,0,11.2727
-3.0,2.0,0,11.2507
-3.0,2.5,0,11.2211
-3.0,3.0,0,11.1815
-3.0,3.5,0,11.1351
-3.0,4.0,0,11.085
-3.0,4.5,0,11.0355
-3.0,5.0,0,10.9922
-3.0,5.5,0,10.9576
-3.0,6.0,0,10.935
-3.0,6.5,0,10.9244
-3.0,7.0,0,10.9207
-3.0,7.5,0,10.9132
-3.0,8.0,0,10.8832
-3.0,8.5,0,10.8019
-3.0,9.0,0,10.577
-3.0,9.5,0,9.7422
-3.0,10.0,0,8.2706
-3.5,-5.0,0,11.9756
-3.5,-4.5,0,11.886
-3.5,-4.0,0,11.8357
-3.5,-3.5,0,11.8058
-3.5,-3.0,0,11.7713
-3.5,-2.5,0,11.7236
-3.5,-2.0,0,11.6678
-3.5,-1.5,0,11.6181
-3.5,-1.0,0,11.5793
-3.5,-0.5,0,11.553
-3.5,0.0,0,11.5349
-3.5,0.5,0,11.5206
-3.5,1.0,0,11.5073
-3.5,1.5,0,11.4906
-3.5,2.0,0,11.465
-3.5,2.5,0,11.4333
-3.5,3.0,0,11.3913
-3.5,3.5,0,11.3441
-3.5,4.0,0,11.2936
-3.5,4.5,0,11.244
-3.5,5.0,0,11.2003
-3.5,5.5,0,11.1641
-3.5,6.0,0,11.1373
-3.5,6.5,0,11.121
-3.5,7.0,0,11.1124
-3.5,7.5,0,11.1013
-3.5,8.0,0,11.0728
-3.5,8.5,0,10.9991
-3.5,9.0,0,10.8611
-3.5,9.5,0,10.5966
-3.5,10.0,0,9.9687
-4.0,-5.0,0,12.2424
-4.0,-4.5,0,12.1495
-4.0,-4.0,0,12.0955
-4.0,-3.5,0,12.0592
-4.0,-3.0,0,12.0168
-4.0,-2.5,0,11.9618
-4.0,-2.0,0,11.9032
-4.0,-1.5,0,11.853
-4.0,-1.0,0,11.8156
-4.0,-0.5,0,11.7899
-4.0,0.0,0,11.7714
-4.0,0.5,0,11.7552
-4.0,1.0,0,11.7392
-4.0,1.5,0,11.7189
-4.0,2.0,0,11.6899
-4.0,2.5,0,11.6557
-4.0,3.0,0,11.6113
-4.0,3.5,0,11.5629
-4.0,4.0,0,11.5119
-4.0,4.5,0,11.4624
-4.0,5.0,0,11.4181
-4.0,5.5,0,11.3798
-4.0,6.0,0,11.3494
-4.0,6.5,0,11.3276
-4.0,7.0,0,11.3117
-4.0,7.5,0,11.2971
-4.0,8.0,0,11.2683
-4.0,8.5,0,11.2003
-4.0,9.0,0,11.0718
-4.0,9.5,0,10.8515
-4.0,10.0,0,10.5659
-4.5,-5.0,0,12.5127
-4.5,-4.5,0,12.4161
-4.5,-4.0,0,12.3584
-4.5,-3.5,0,12.3159
-4.5,-3.0,0,12.2642
-4.5,-2.5,0,12.2048
-4.5,-2.0,0,12.1439
-4.5,-1.5,0,12.093
-4.5,-1.0,0,12.0564
-4.5,-0.5,0,12.0313
-4.5,0.0,0,12.0145
-4.5,0.5,0,11.997
-4.5,1.0,0,11.979
-4.5,1.5,0,11.9557
-4.5,2.0,0,11.9222
-4.5,2.5,0,11.886
-4.5,3.0,0,11.8402
-4.5,3.5,0,11.7899
-4.5,4.0,0,11.7378
-4.5,4.5,0,11.6879
-4.5,5.0,0,11.6418
-4.5,5.5,0,11.6014
-4.5,6.0,0,11.5675
-4.5,6.5,0,11.5396
-4.5,7.0,0,11.5177
-4.5,7.5,0,11.4992
-4.5,8.0,0,11.4687
-4.5,8.5,0,11.4059
-4.5,9.0,0,11.2853
-4.5,9.5,0,11.0724
-4.5,10.0,0,10.803
-5.0,-5.0,0,12.7809
-5.0,-4.5,0,12.6821
-5.0,-4.0,0,12.6204
-5.0,-3.5,0,12.5716
-5.0,-3.0,0,12.5139
-5.0,-2.5,0,12.4501
-5.0,-2.0,0,12.3869
-5.0,-1.5,0,12.3361
-5.0,-1.0,0,12.2992
-5.0,-0.5,0,12.275
-5.0,0.0,0,12.2578
-5.0,0.5,0,12.2409
-5.0,1.0,0,12.2213
-5.0,1.5,0,12.1952
-5.0,2.0,0,12.1587
-5.0,2.5,0,12.1236
-5.0,3.0,0,12.076
-5.0,3.5,0,12.0244
-5.0,4.0,0,11.9708
-5.0,4.5,0,11.9186
-5.0,5.0,0,11.8708
-5.0,5.5,0,11.8266
-5.0,6.0,0,11.789
-5.0,6.5,0,11.7571
-5.0,7.0,0,11.7304
-5.0,7.5,0,11.7051
-5.0,8.0,0,11.6726
-5.0,8.5,0,11.6115
-5.0,9.0,0,11.4993
-5.0,9.5,0,11.2968
-5.0,10.0,0,11.0278
